{
 "İzmit, Kocaeli": [
  40.7653892,
  29.9407361
 ],
 "Izmit, Kocaeli": [
  40.7653892,
  29.9407361
 ],
 "Bağırganlı, Kandıra, Kocaeli": [
  41.1263207,
  30.0102586
 ],
 "Maşukiye, Kartepe, Kocaeli": [
  40.7019296,
  30.1398
 ],
 "Mimar Sinan Mahallesi, Dilovası, Kocaeli": [
  40.8000364,
  29.5409488
 ],
 "Darıca, Kocaeli": [
  40.7914044,
  29.3919092
 ],
 "Yeni Mahalle, Gölcük, Kocaeli": [
  40.7134478,
  29.8147337
 ],
 "Yavuz Sultan Selim, Körfez, Kocaeli": [
  40.7751875,
  29.7966063
 ],
 "Karaağaç, Kandıra, Kocaeli": [
  41.144165,
  30.309469
 ],
 "Körfez, Kocaeli": [
  40.760756,
  29.7839402
 ],
 "Gebze, Kocaeli": [
  40.8006696,
  29.431767
 ],
 "Barış Mahallesi, Gebze, Kocaeli": [
  40.7819063,
  29.4349908
 ],
 "İstasyon Mahallesi, Gebze, Kocaeli": [
  40.7871704,
  29.4091987
 ],
 "Kartepe, Kocaeli": [
  40.7454357,
  30.0112827
 ],
 "Yukarı Hereke, Körfez, Kocaeli": [
  40.8005147,
  29.6450621
 ],
 "Gölcük, Kocaeli": [
  40.7169247,
  29.819588
 ],
 "Derince, Kocaeli": [
  40.7574495,
  29.8307628
 ],
 "Sırasöğütler, Darıca, Kocaeli": [
  40.7878852,
  29.3910026
 ],
 "Çayırova, Kocaeli": [
  40.8105337,
  29.3473731
 ],
 "Dilovası, Kocaeli": [
  40.7756061,
  29.5260959
 ],
 "Çepni, Kartepe, Kocaeli": [
  40.697622,
  30.0524412
 ],
 "Ulus, Gebze, Kocaeli": [
  40.8074429,
  29.3935346
 ],
 "Doğantepe, Başiskele, Kocaeli": [
  40.700905,
  29.99918
 ],
 "Yeniyalı, Körfez, Kocaeli": [
  40.7673792,
  29.7798157
 ],
 "Kandıra, Kocaeli": [
  41.0703914,
  30.1523298
 ]
}