{
 "İzmit, Kocaeli": [
  40.7653892,
  29.9407361
 ],
 "Izmit, Kocaeli": [
  40.7653892,
  29.9407361
 ],
 "Bağırganlı, Kandıra, Kocaeli": [
  41.1263207,
  30.0102586
 ],
 "Maşukiye, Kartepe, Kocaeli": [
  40.7019296,
  30.1398
 ],
 "Mimar Sinan Mahallesi, Dilovası, Kocaeli": [
  40.8000364,
  29.5409488
 ],
 "Darıca, Kocaeli": [
  40.7914044,
  29.3919092
 ],
 "Yeni Mahalle, Gölcük, Kocaeli": [
  40.7134478,
  29.8147337
 ],
 "Yavuz Sultan Selim, Körfez, Kocaeli": [
  40.7751875,
  29.7966063
 ],
 "Karaağaç, Kandıra, Kocaeli": [
  41.144165,
  30.309469
 ],
 "Körfez, Kocaeli": [
  40.760756,
  29.7839402
 ],
 "Gebze, Kocaeli": [
  40.8006696,
  29.431767
 ],
 "Barış Mahallesi, Gebze, Kocaeli": [
  40.7819063,
  29.4349908
 ],
 "İstasyon Mahallesi, Gebze, Kocaeli": [
  40.7871704,
  29.4091987
 ],
 "Kartepe, Kocaeli": [
  40.7454357,
  30.0112827
 ],
 "Yukarı Hereke, Körfez, Kocaeli": [
  40.8005147,
  29.6450621
 ],
 "Gölcük, Kocaeli": [
  40.7169247,
  29.819588
 ],
 "Derince, Kocaeli": [
  40.7574495,
  29.8307628
 ],
 "Sırasöğütler, Darıca, Kocaeli": [
  40.7878852,
  29.3910026
 ],
 "Çayırova, Kocaeli": [
  40.8105337,
  29.3473731
 ],
 "Dilovası, Kocaeli": [
  40.7756061,
  29.5260959
 ],
 "Çepni, Kartepe, Kocaeli": [
  40.697622,
  30.0524412
 ],
 "Ulus, Gebze, Kocaeli": [
  40.8074429,
  29.3935346
 ],
 "Doğantepe, Başiskele, Kocaeli": [
  40.700905,
  29.99918
 ],
 "Yeniyalı, Körfez, Kocaeli": [
  40.7673792,
  29.7798157
 ],
 "Kandıra, Kocaeli": [
  41.0703914,
  30.1523298
 ],
 "Mudanya, Bursa": [
  40.3752582,
  28.8837929
 ],
 "Bursa": [
  40.1825734,
  29.0675039
 ],
 "İnegöl, Bursa": [
  40.0800359,
  29.5096528
 ],
 "Eskişehir": [
  39.7743941,
  30.519116
 ],
 "Bingöl": [
  39.073803,
  40.7296181
 ],
 "Denizli": [
  37.8275892,
  29.2389539
 ],
 "Hakkari": [
  37.495358,
  44.1054777
 ],
 "Adana": [
  36.9863599,
  35.3252861
 ],
 "Şanlıurfa": [
  37.2595198,
  39.0408174
 ],
 "Gürsu, Bursa": [
  40.2175842,
  29.1935635
 ],
 "Batman": [
  37.7874104,
  41.2573924
 ],
 "Beylikdüzü, İstanbul": [
  41.0038148,
  28.6372878
 ],
 "Kartal, İstanbul": [
  40.8885036,
  29.18589
 ],
 "Kocaeli": [
  40.8216536,
  29.9507184
 ],
 "DARICA, KOCAELİ": [
  40.7914044,
  29.3919092
 ],
 "KOCAELİ": [
  40.8216536,
  29.9507184
 ],
 "Fethiye, Muğla": [
  36.6221154,
  29.1153384
 ],
 "Karamürsel, Kocaeli": [
  40.6912501,
  29.6165859
 ],
 "Başiskele, Kocaeli": [
  40.7129276,
  29.9286975
 ],
 "Çınar, Kocaeli": [
  40.7388808,
  30.0165453
 ],
 "İstanbul": [
  41.006381,
  28.9758715
 ],
 "Darıca, İzmit": null,
 "İzmit": [
  40.7721138,
  29.9505623
 ],
 "İzmir": [
  38.4192537,
  27.128469
 ],
 "Barlar Sokağı, İzmit, Kocaeli": [
  40.7623991,
  29.9246418
 ],
 "Sapanca, Kocaeli": [
  40.7172304,
  30.2420272
 ],
 "Kayseri": [
  38.7219011,
  35.4873214
 ],
 "Seka, Kocaeli": [
  40.7650699,
  29.9115745
 ]
}