{
 "İzmit, Kocaeli": [
  40.7653892,
  29.9407361
 ],
 "Izmit, Kocaeli": [
  40.7653892,
  29.9407361
 ],
 "Bağırganlı, Kandıra, Kocaeli": [
  41.1263207,
  30.0102586
 ],
 "Maşukiye, Kartepe, Kocaeli": [
  40.7019296,
  30.1398
 ],
 "Mimar Sinan Mahallesi, Dilovası, Kocaeli": [
  40.8000364,
  29.5409488
 ],
 "Darıca, Kocaeli": [
  40.7914044,
  29.3919092
 ],
 "Yeni Mahalle, Gölcük, Kocaeli": [
  40.7134478,
  29.8147337
 ],
 "Yavuz Sultan Selim, Körfez, Kocaeli": [
  40.7751875,
  29.7966063
 ],
 "Karaağaç, Kandıra, Kocaeli": [
  41.144165,
  30.309469
 ],
 "Körfez, Kocaeli": [
  40.760756,
  29.7839402
 ],
 "Gebze, Kocaeli": [
  40.8006696,
  29.431767
 ],
 "Barış Mahallesi, Gebze, Kocaeli": [
  40.7819063,
  29.4349908
 ],
 "İstasyon Mahallesi, Gebze, Kocaeli": [
  40.7871704,
  29.4091987
 ],
 "Kartepe, Kocaeli": [
  40.7454357,
  30.0112827
 ],
 "Yukarı Hereke, Körfez, Kocaeli": [
  40.8005147,
  29.6450621
 ],
 "Gölcük, Kocaeli": [
  40.7169247,
  29.819588
 ],
 "Derince, Kocaeli": [
  40.7574495,
  29.8307628
 ],
 "Sırasöğütler, Darıca, Kocaeli": [
  40.7878852,
  29.3910026
 ],
 "Çayırova, Kocaeli": [
  40.8105337,
  29.3473731
 ],
 "Dilovası, Kocaeli": [
  40.7756061,
  29.5260959
 ],
 "Çepni, Kartepe, Kocaeli": [
  40.697622,
  30.0524412
 ],
 "Ulus, Gebze, Kocaeli": [
  40.8074429,
  29.3935346
 ],
 "Doğantepe, Başiskele, Kocaeli": [
  40.700905,
  29.99918
 ],
 "Yeniyalı, Körfez, Kocaeli": [
  40.7673792,
  29.7798157
 ],
 "Kandıra, Kocaeli": [
  41.0703914,
  30.1523298
 ],
 "Mudanya, Bursa": [
  40.3752582,
  28.8837929
 ],
 "Bursa": [
  40.1825734,
  29.0675039
 ],
 "İnegöl, Bursa": [
  40.0800359,
  29.5096528
 ],
 "Eskişehir": [
  39.7743941,
  30.519116
 ],
 "Bingöl": [
  39.073803,
  40.7296181
 ],
 "Denizli": [
  37.8275892,
  29.2389539
 ],
 "Hakkari": [
  37.495358,
  44.1054777
 ],
 "Adana": [
  36.9863599,
  35.3252861
 ],
 "Şanlıurfa": [
  37.2595198,
  39.0408174
 ],
 "Gürsu, Bursa": [
  40.2175842,
  29.1935635
 ],
 "Batman": [
  37.7874104,
  41.2573924
 ],
 "Beylikdüzü, İstanbul": [
  41.0038148,
  28.6372878
 ],
 "Kartal, İstanbul": [
  40.8885036,
  29.18589
 ],
 "Kocaeli": [
  40.8216536,
  29.9507184
 ],
 "DARICA, KOCAELİ": [
  40.7914044,
  29.3919092
 ],
 "KOCAELİ": [
  40.8216536,
  29.9507184
 ],
 "Fethiye, Muğla": [
  36.6221154,
  29.1153384
 ],
 "Karamürsel, Kocaeli": [
  40.6912501,
  29.6165859
 ],
 "Başiskele, Kocaeli": [
  40.7129276,
  29.9286975
 ],
 "Çınar, Kocaeli": [
  40.7388808,
  30.0165453
 ],
 "İstanbul": [
  41.006381,
  28.9758715
 ],
 "Darıca, İzmit": null,
 "İzmit": [
  40.7721138,
  29.9505623
 ],
 "İzmir": [
  38.4192537,
  27.128469
 ],
 "Barlar Sokağı, İzmit, Kocaeli": [
  40.7623991,
  29.9246418
 ],
 "Sapanca, Kocaeli": [
  40.7172304,
  30.2420272
 ],
 "Kayseri": [
  38.7219011,
  35.4873214
 ],
 "Seka, Kocaeli": [
  40.7650699,
  29.9115745
 ],
 "Sakarya": [
  40.7731834,
  30.481606
 ],
 "Kumyalı Plajı, Karamürsel, Kocaeli": [
  40.6986718,
  29.6505889
 ],
 "Muğla": [
  37.1642053,
  28.2624288
 ],
 "Ereğli, Kocaeli": [
  40.7020779,
  29.6618976
 ],
 "Halk Evi, Kocaeli": null,
 "Halidere, Gölcük, Kocaeli": [
  40.7174165,
  29.751872
 ],
 "Halıdere, Gölcük, Kocaeli": [
  40.7174165,
  29.751872
 ],
 "Yalova": [
  40.5795422,
  29.1687005
 ],
 "Karamürsel, Yalova": [
  40.6960844,
  29.64901
 ],
 "Kastamonu": [
  41.3680217,
  33.7619177
 ],
 "Kilis": [
  36.7797231,
  37.1416892
 ],
 "Küçükçekmece, İstanbul": [
  40.9918737,
  28.7711956
 ],
 "Yozgat": [
  39.7152422,
  35.170998
 ],
 "Urfa": [
  37.2595198,
  39.0408174
 ],
 "Adapazarı, Sakarya, Turkey": [
  40.7755214,
  30.4020295
 ],
 "Sakarya, Turkey": [
  40.7731834,
  30.481606
 ],
 "Tepekum, Sakarya, Turkey": [
  40.7665016,
  30.415821
 ],
 "Karasu, Zonguldak, Turkey": null,
 "Zonguldak, Turkey": [
  41.250324,
  31.8389738
 ],
 "Kocaeli, Turkey": [
  40.8216536,
  29.9507184
 ],
 "Bilecik, Turkey": [
  40.1543234,
  30.1479907
 ],
 "İstanbul, Turkey": [
  41.006381,
  28.9758715
 ],
 "Sultangazi, İstanbul, Turkey": [
  41.1043344,
  28.8614367
 ],
 "Gölcük, İzmit": [
  40.6496784,
  29.7234349
 ],
 "Istanbul, Turkey": [
  41.006381,
  28.9758715
 ],
 "Ümraniye, İstanbul, Turkey": [
  41.0256362,
  29.0963049
 ],
 "Çekmeköy, İstanbul, Turkey": [
  41.0351579,
  29.1739149
 ],
 "Ordu, Turkey": [
  40.8292569,
  37.4082764
 ],
 "Altınordu, Ordu, Turkey": [
  40.9786588,
  37.8964303
 ],
 "Yalova, Turkey": [
  40.5795422,
  29.1687005
 ],
 "Altınova, Yalova, Turkey": [
  40.6963485,
  29.5099438
 ],
 "Central Coast, New South Wales, Australia": [
  -33.3117096,
  151.3120675
 ],
 "New South Wales, Australia": [
  -32.1629515,
  147.0320566
 ],
 "Coney Island, New York, United States": [
  40.5765081,
  -73.9929419
 ],
 "Brooklyn, New York, United States": [
  40.6526006,
  -73.9497211
 ],
 "Coney Island, Brooklyn, New York, United States": [
  40.5765081,
  -73.9929419
 ],
 "New York, United States": [
  40.7127281,
  -74.0060152
 ],
 "Adana, Türkiye": [
  36.9863599,
  35.3252861
 ],
 "Kozan, Adana, Türkiye": [
  37.4477857,
  35.8166308
 ],
 "Adıyaman, Türkiye": [
  37.78936,
  38.3141101
 ],
 "Merkez, Adıyaman, Türkiye": [
  38.0284385,
  38.6217561
 ],
 "Afyonkarahisar, Türkiye": [
  38.6852729,
  30.6427411
 ],
 "Emirdağ, Afyonkarahisar, Türkiye": [
  39.0195014,
  31.1502583
 ],
 "Afyon, Türkiye": [
  38.6852729,
  30.6427411
 ],
 "Ağrı, Türkiye": [
  39.52916,
  43.3835645
 ],
 "Gürbulak, Ağrı, Türkiye": [
  39.4181258,
  44.352677
 ],
 "Samandağ, Hatay, Türkiye": [
  36.0851597,
  35.9799375
 ],
 "Şemdinli, Hakkari, Türkiye": [
  37.3067629,
  44.5725083
 ],
 "Bursa, Türkiye": [
  40.1825734,
  29.0675039
 ],
 "Patnos, Ağrı, Türkiye": [
  39.2334202,
  42.8612338
 ],
 "Amasya, Türkiye": [
  40.6569451,
  35.7727169
 ],
 "Merzifon, Amasya, Türkiye": [
  40.8721392,
  35.4635383
 ],
 "Taşova, Amasya, Türkiye": [
  40.7603491,
  36.321973
 ],
 "Kırıkkale, Türkiye": [
  39.8860105,
  33.8278992
 ],
 "Ankara, Türkiye": [
  39.9207759,
  32.8540497
 ],
 "Akyurt, Ankara, Türkiye": [
  40.1307529,
  33.0870676
 ],
 "Antalya, Türkiye": [
  36.8865728,
  30.7030242
 ],
 "Manavgat, Antalya, Türkiye": [
  36.7870124,
  31.4406667
 ],
 "Artvin, Türkiye": [
  41.160506,
  41.8398627
 ],
 "Erzurum, Türkiye": [
  39.90632,
  41.2727715
 ],
 "Trabzon, Türkiye": [
  41.0054605,
  39.7301463
 ],
 "Samsun, Türkiye": [
  41.2303557,
  35.9683338
 ],
 "Aydın, Türkiye": [
  37.7405798,
  28.0676404
 ],
 "Kuşadası, Aydın, Türkiye": [
  37.8632398,
  27.266873
 ],
 "Bozdoğan, Aydın, Türkiye": [
  37.6739133,
  28.3132041
 ],
 "Balıkesir, Türkiye": [
  39.5400798,
  28.0228793
 ],
 "Gökçeyazı, Balıkesir, Türkiye": [
  39.6277901,
  27.6307494
 ],
 "Dursunbey, Balıkesir, Türkiye": [
  39.5472927,
  28.6529869
 ],
 "Savaştepe, Balıkesir, Türkiye": [
  39.382701,
  27.6501908
 ],
 "Bilecik, Türkiye": [
  40.1543234,
  30.1479907
 ],
 "Bayırköy, Bilecik, Türkiye": [
  40.2824556,
  30.0180026
 ],
 "Gülümbe, Bilecik, Türkiye": [
  40.201622,
  29.9670597
 ],
 "Bingöl, Türkiye": [
  39.073803,
  40.7296181
 ],
 "Bingöl, Erzurum, Türkiye": null,
 "Bitlis, Türkiye": [
  38.4950867,
  42.1678372
 ],
 "Tatvan, Bitlis, Türkiye": [
  38.4931961,
  42.2878112
 ],
 "Bolu, Türkiye": [
  40.6212099,
  31.6460259
 ],
 "Burdur, Türkiye": [
  37.5183407,
  30.1691254
 ],
 "Fethiye, Muğla, Türkiye": [
  36.6221154,
  29.1153384
 ],
 "Çanakkale, Türkiye": [
  40.0549886,
  26.9278292
 ],
 "Gelibolu, Çanakkale, Türkiye": [
  40.4054063,
  26.6722539
 ],
 "Çankırı, Türkiye": [
  40.6667691,
  33.4526069
 ],
 "Bozkır Köyü, Çankırı, Türkiye": null,
 "Çorum, Türkiye": [
  40.5698389,
  34.7269292
 ],
 "Merkez, Çorum, Türkiye": [
  40.5499106,
  34.9537344
 ],
 "Denizli, Türkiye": [
  37.8275892,
  29.2389539
 ],
 "Pamukkale, Denizli, Türkiye": [
  37.9200382,
  29.1217529
 ],
 "Diyarbakır, Türkiye": [
  37.9162222,
  40.2363542
 ],
 "Sur, Diyarbakır, Türkiye": [
  37.9110723,
  40.2366499
 ],
 "Yeniköy, Uzunköprü, Edirne, Türkiye": [
  41.3427692,
  26.7660443
 ],